Class and State,2023 Planted,2024 Planted,2023 Harvested,2024 Harvested
Long grain Arkansas,1220,1320,1215,1310
Long grain California,10,8,10,8
Long grain Louisiana,390,430,387,425
Long grain Mississippi,121,160,120,158
Long grain Missouri,197,215,193,210
Long grain Texas,125,145,120,140
Long grain United States,2063,2278,2045,2251
Medium grain Arkansas,215,100,201,90
Medium grain California,490,480,487,477
Medium grain Louisiana,78,50,75,47
Medium grain Mississippi,-,1,-,1
Medium grain Missouri,8,9,7,9
Medium grain Texas,24,4,23,4
Medium grain United States,815,644,793,628
Short grain Arkansas,1,1,1,1
Short grain California,15,20,15,20
Short grain United States,16,21,16,21
All Arkansas,1436,1421,1417,1401
All California,515,508,512,505
All Louisiana,468,480,462,472
All Mississippi,121,161,120,159
All Missouri,205,224,200,219
All Texas,149,149,143,144
All United States,2894,2943,2854,2900