State,Varietal Type,2023 Planted,2024 Planted,2023 Harvested,2024 Harvested
California,Oil,28.0,19.0,27.5,18.5
Colorado,Oil,26.0,25.0,24.0,22.0
Kansas,Oil,28.0,22.0,26.0,21.0
Minnesota,Oil,49.0,45.0,48.0,44.0
Nebraska,Oil,31.0,30.0,30.0,28.0
North Dakota,Oil,500.0,330.0,490.0,320.0
South Dakota,Oil,455.0,280.0,440.0,270.0
Texas,Oil,44.0,14.0,40.0,13.0
United States,Oil,1161.0,765.0,1125.5,736.5
California,Non-oil,0.5,0.5,0.5,0.5
Colorado,Non-oil,8.0,5.0,5.0,4.0
Kansas,Non-oil,6.0,4.0,5.0,4.0
Minnesota,Non-oil,9.5,5.0,9.0,4.6
Nebraska,Non-oil,8.5,5.0,7.5,5.0
North Dakota,Non-oil,75.0,75.0,72.0,72.0
South Dakota,Non-oil,40.0,35.0,38.0,33.0
Texas,Non-oil,6.5,4.0,5.0,3.0
United States,Non-oil,154.0,133.5,142.0,126.1
California,All,28.5,19.5,28.0,19.0
Colorado,All,34.0,30.0,29.0,26.0
Kansas,All,34.0,26.0,31.0,25.0
Minnesota,All,58.5,50.0,57.0,48.6
Nebraska,All,39.5,35.0,37.5,33.0
North Dakota,All,575.0,405.0,562.0,392.0
South Dakota,All,495.0,315.0,478.0,303.0
Texas,All,50.5,18.0,45.0,16.0
United States,All,1315.0,898.5,1267.5,862.6